[
    {
        "id": 1,
        "url": "../../assets/images/avatars/8.jpg",
        "name": "Nick Milton",
        "address": "TX.USA",
        "description": "Lorem Ipsum is simply dummy text of the printing and typesetting industry. Lorem Ipsum has been the industry's standard dummy text ever since the 1500s",
        "created": "1"
    },
    {
        "id": 2,
        "url": "../../assets/images/avatars/3.jpg",
        "name": "Nick Milton",
        "address": "TX.USA",
        "description": "Lorem Ipsum is simply dummy text of the printing and typesetting industry. Lorem Ipsum has been the industry's standard dummy text ever since the 1500s",
        "created": "2"
    },
    {
        "id": 3,
        "url": "../../assets/images/avatars/1.jpg",
        "name": "Nick Milton",
        "address": "TX.USA",
        "description": "Lorem Ipsum is simply dummy text of the printing and typesetting industry. Lorem Ipsum has been the industry's standard dummy text ever since the 1500s",
        "created": "2"
    },
    {
        "id": 4,
        "url": "../../assets/images/avatars/5.jpg",
        "name": "Nick Milton",
        "address": "TX.USA",
        "description": "Lorem Ipsum is simply dummy text of the printing and typesetting industry. Lorem Ipsum has been the industry's standard dummy text ever since the 1500s",
        "created": "2"
    },
    {
        "id": 5,
        "url": "../../assets/images/avatars/4.jpg",
        "name": "Nick Milton",
        "address": "TX.USA",
        "description": "Lorem Ipsum is simply dummy text of the printing and typesetting industry. Lorem Ipsum has been the industry's standard dummy text ever since the 1500s",
        "created": "2"
    },
    {
        "id": 6,
        "url": "../../assets/images/avatars/3.jpg",
        "name": "Nick Milton",
        "address": "TX.USA",
        "description": "Lorem Ipsum is simply dummy text of the printing and typesetting industry. Lorem Ipsum has been the industry's standard dummy text ever since the 1500s",
        "created": "2"
    },
    {
        "id": 7,
        "url": "../../assets/images/avatars/2.jpg",
        "name": "Nick Milton",
        "address": "TX.USA",
        "description": "Lorem Ipsum is simply dummy text of the printing and typesetting industry. Lorem Ipsum has been the industry's standard dummy text ever since the 1500s",
        "created": "2"
    },
    {
        "id": 8,
        "url": "../../assets/images/avatars/1.jpg",
        "name": "Nick Milton",
        "address": "TX.USA",
        "description": "Lorem Ipsum is simply dummy text of the printing and typesetting industry. Lorem Ipsum has been the industry's standard dummy text ever since the 1500s",
        "created": "2"
    },
    {
        "id": 9,
        "url": "../../assets/images/avatars/7.jpg",
        "name": "Nick Milton",
        "address": "TX.USA",
        "description": "Lorem Ipsum is simply dummy text of the printing and typesetting industry. Lorem Ipsum has been the industry's standard dummy text ever since the 1500s",
        "created": "2"
    },
    {
        "id": 10,
        "url": "../../assets/images/avatars/5.jpg",
        "name": "Nick Milton",
        "address": "TX.USA",
        "description": "Lorem Ipsum is simply dummy text of the printing and typesetting industry. Lorem Ipsum has been the industry's standard dummy text ever since the 1500s",
        "created": "2"
    },
    {
        "id": 11,
        "url": "../../assets/images/avatars/8.jpg",
        "name": "Nick Milton",
        "address": "TX.USA",
        "description": "Lorem Ipsum is simply dummy text of the printing and typesetting industry. Lorem Ipsum has been the industry's standard dummy text ever since the 1500s",
        "created": "2"
    }
]
