[
    {
        "id": 1,
        "date": "2019.12.11",
        "time": "07:45:50",
        "name": "Jerry Li",
        "value": 1000000
    },
    {
        "id": 2,
        "date": "2019.12.13",
        "time": "10:13:50",
        "name": "Jerry Li",
        "value": 1000000
    },
    {
        "id": 3,
        "date": "2019.12.30",
        "time": "17:20:50",
        "name": "Jerry Li",
        "value": 1000000
    },
    {
        "id": 4,
        "date": "2020.02.11",
        "time": "07:45:50",
        "name": "Jerry Li",
        "value": 1000000
    },
    {
        "id": 5,
        "date": "2020.04.11",
        "time": "07:45:50",
        "name": "Jerry Li",
        "value": 1000000
    }
]