[
    {
        "id": 1,
        "name": "Redblock",
        "created_date": "08/10/2019",
        "status": "1"
    },
    {
        "id": 2,
        "name": "Redblock",
        "created_date": "09/10/2019",
        "status": "2"
    },
    {
        "id": 3,
        "name": "Redblock",
        "created_date": "18/10/2019",
        "status": "2"
    },
    {
        "id": 4,
        "name": "Redblock",
        "created_date": "08/11/2019",
        "status": "2"
    },
    {
        "id": 5,
        "name": "Redblock",
        "created_date": "20/11/2019",
        "status": "2"
    },
    {
        "id": 6,
        "name": "Redblock",
        "created_date": "28/11/2019",
        "status": "2"
    },
    {
        "id": 7,
        "name": "Redblock",
        "created_date": "08/12/2019",
        "status": "1"
    },
    {
        "id": 8,
        "name": "Redblock",
        "created_date": "08/12/2019",
        "status": "2"
    },
    {
        "id": 9,
        "name": "Redblock",
        "created_date": "08/12/2019",
        "status": "2"
    },
    {
        "id": 10,
        "name": "Redblock",
        "created_date": "08/12/2019",
        "status": "2"
    },
    {
        "id": 11,
        "name": "Redblock",
        "created_date": "08/12/2019",
        "status": "2"
    },
    {
        "id": 12,
        "name": "Redblock",
        "created_date": "08/12/2019",
        "status": "2"
    },
        {
        "id": 13,
        "name": "Redblock",
        "created_date": "08/12/2019",
        "status": "1"
    },
    {
        "id": 14,
        "name": "Redblock",
        "created_date": "08/12/2019",
        "status": "2"
    },
    {
        "id": 15,
        "name": "Redblock",
        "created_date": "08/12/2019",
        "status": "2"
    },
    {
        "id": 16,
        "name": "Redblock",
        "created_date": "08/12/2019",
        "status": "1"
    },
    {
        "id": 17,
        "name": "Redblock",
        "created_date": "08/03/2020",
        "status": "2"
    },
    {
        "id": 18,
        "name": "Redblock",
        "created_date": "08/03/2020",
        "status": "2"
    },
    {
        "id": 19,
        "name": "Redblock",
        "created_date": "01/04/2020",
        "status": "2"
    },
    {
        "id": 20,
        "name": "Redblock",
        "created_date": "08/04/2020",
        "status": "2"
    },
    {
        "id": 21,
        "name": "Redblock",
        "created_date": "08/04/2020",
        "status": "1"
    },
    {
        "id": 22,
        "name": "Redblock",
        "created_date": "02/05/2020",
        "status": "2"
    },
        {
        "id": 23,
        "name": "Redblock",
        "created_date": "07/05/2020",
        "status": "2"
    },
    {
        "id": 24,
        "name": "Redblock",
        "created_date": "08/05/2020",
        "status": "2"
    },
    {
        "id": 25,
        "name": "Redblock",
        "created_date": "08/05/2020",
        "status": "1"
    },
    {
        "id": 26,
        "name": "Redblock",
        "created_date": "08/05/2020",
        "status": "2"
    }
]