[
    {
        "round_name": "Seed Fund",
        "open_date": "02/02/2020",
        "close_date": "20/03/2020",
        "total_unit": "500000",
        "status": "Active",
        "price_per_unit": "1"
    },
    {
        "round_name": "Seed Fund",
        "open_date": "02/02/2020",
        "close_date": "20/03/2020",
        "total_unit": "500000",
        "status": "Active",
        "price_per_unit": "10"
    },
    {
        "round_name": "Seed Fund",
        "open_date": "02/02/2020",
        "close_date": "20/03/2020",
        "total_unit": "500000",
        "status": "Pending",
        "price_per_unit": "100"
    }
]