[
    {
        "id": 1,
        "offering_name": "RedLedger",
        "investor": "Jerry",
        "amount": "10000",
        "price_per_unit": "$1.00",
        "created_date": "Sep 25 2019",
        "time": "11:00 am pst",
        "transactions": "Approved",
        "status": "Pending"
    },
    {
        "id": 2,
        "offering_name": "RedLedger",
        "investor": "Jerry",
        "amount": "10000",
        "price_per_unit": "$1.00",
        "created_date": "Sep 25 2019",
        "time": "11:00 am pst",
        "transactions": "Decline",
        "status": "Pending"
    },
    {
        "id": 3,
        "offering_name": "RedLedger",
        "investor": "Jerry",
        "amount": "10000",
        "price_per_unit": "$1.00",
        "created_date": "Sep 25 2019",
        "time": "11:00 am pst",
        "transactions": "Revoke",
        "status": "Pending"
    }
]